"","x"
"1","Argentina"
"2","Australia"
"3","Austria"
"4","Bangladesh"
"5","Belgium"
"6","Brazil"
"7","Canada"
"8","Chile"
"9","China"
"10","Colombia"
"11","Czech Republic"
"12","Denmark"
"13","Finland"
"14","France"
"15","Germany"
"16","India"
"17","Indonesia"
"18","Iraq"
"19","Ireland"
"20","Israel"
"21","Italy"
"22","Japan"
"23","Malaysia"
"24","Mexico"
"25","Netherlands"
"26","Nigeria"
"27","Norway"
"28","Pakistan"
"29","Philippines"
"30","Poland"
"31","Portugal"
"32","Romania"
"33","Saudi Arabia"
"34","Singapore"
"35","South Africa"
"36","Spain"
"37","Sweden"
"38","Switzerland"
"39","Thailand"
"40","Turkey"
"41","United Arab Emirates"
"42","United Kingdom"
"43","United States"
"44","Vietnam"
